Customer_ID,Name,Age,SSN,Occupation,snapshot_date
CUS_0x103e,Tim Kellyf,40,155-72-8070,Scientist,2024-12-01
CUS_0x1195,Alexk,31,822-48-3629,Manager,2024-12-01
CUS_0x1197,Nayako,28,799-23-8283,_______,2024-12-01
CUS_0x11e2,Valetkevitchr,34,809-04-1419,Musician,2024-12-01
CUS_0x11ec,William Schombergh,34,417-74-2163,Journalist,2024-12-01
CUS_0x1234,Carrickn,24,101-01-2307,Musician,2024-12-01
CUS_0x1354,N.p,24,432-99-3925,Entrepreneur,2024-12-01
CUS_0x137d,Frencho,33,193-22-4579,Media_Manager,2024-12-01
CUS_0x1437,Emilyb,46,865-46-7860,Scientist,2024-12-01
CUS_0x143d,Joneso,27,797-30-1627,Scientist,2024-12-01
CUS_0x144d,Dokoupill,23,269-66-4319,Mechanic,2024-12-01
CUS_0x1458,Harro Tenk,6657,222-55-6808,Developer,2024-12-01
CUS_0x14f4,Richardc,23_,870-88-0893,Developer,2024-12-01
CUS_0x151b,Allison Martelln,344,224-45-3294,Journalist,2024-12-01
CUS_0x1542,James Regans,43,946-39-9629,Engineer,2024-12-01
CUS_0x1563,Scottc,16,303-54-9202,Developer,2024-12-01
CUS_0x15df,Whiteb,29,472-10-4696,Manager,2024-12-01
CUS_0x1613,Anna Driveru,33,572-19-1320,Accountant,2024-12-01
CUS_0x164f,McCrankk,31,810-03-9800,Architect,2024-12-01
CUS_0x1765,Harryw,32,966-30-5287,Engineer,2024-12-01
CUS_0x17d7,Polansekz,41_,768-24-1090,Scientist,2024-12-01
CUS_0x1833,Wolfc,49,277-68-3924,Architect,2024-12-01
CUS_0x1852,Temple-Wests,39,350-44-7688,Architect,2024-12-01
CUS_0x18bc,Lauraq,41,653-29-6403,Engineer,2024-12-01
CUS_0x18ca,Seetharamank,46,#F%$D@*&8,Engineer,2024-12-01
CUS_0x18fd,Ferreira-Marquest,43,885-14-1406,_______,2024-12-01
CUS_0x1948,Jonathan Cablew,-500,914-66-3208,Accountant,2024-12-01
CUS_0x19a0,Jacobsg,39,564-87-3414,Scientist,2024-12-01
CUS_0x1a00,Mendoncai,30,407-05-1951,Manager,2024-12-01
CUS_0x1a61,Stempelw,19,958-80-8887,Manager,2024-12-01
CUS_0x1bde,en Hirschlere,36,027-51-8010,Manager,2024-12-01
CUS_0x1be8,Patrick Temple-Westu,6113,441-92-5827,Scientist,2024-12-01
CUS_0x1c0c,Danielz,51,781-56-5753,Developer,2024-12-01
CUS_0x1c3b,Alexei Anishchukq,39_,596-35-8824,Media_Manager,2024-12-01
CUS_0x1c71,Chiangz,28,829-66-3146,_______,2024-12-01
CUS_0x1ca5,Pav Jordanw,28,562-57-6213,Writer,2024-12-01
CUS_0x1d00,Herbert Lashd,44_,185-89-0354,Teacher,2024-12-01
CUS_0x1d63,Natec,18,836-01-6064,Entrepreneur,2024-12-01
CUS_0x1e17,Stecklowz,21,912-22-4304,Media_Manager,2024-12-01
CUS_0x1e18,Ernestr,50,692-56-4864,Doctor,2024-12-01
CUS_0x1eb6,Jonathan Stempelt,35,459-21-0411,Mechanic,2024-12-01
CUS_0x1f57,Alister Bulld,45,679-39-8293,Lawyer,2024-12-01
CUS_0x1ffd,Carey Gillamg,43_,806-33-9100,Architect,2024-12-01
CUS_0x200a,Danielv,24,965-49-0710,Manager,2024-12-01
CUS_0x204b,Nius,31,893-44-1748,Mechanic,2024-12-01
CUS_0x2076,Ernesta,26,486-13-8771,Manager,2024-12-01
CUS_0x209a,Giseldaz,20,472-99-1273,Architect,2024-12-01
CUS_0x20dc,Pascaleb,28,285-71-9431,Media_Manager,2024-12-01
CUS_0x20de,McCoolb,40,446-11-4496,_______,2024-12-01
CUS_0x20f1,Angelaw,22,741-54-1843,Journalist,2024-12-01
CUS_0x21a7,Estellei,28,240-74-6989,Musician,2024-12-01
CUS_0x21af,Kwokm,42,461-23-8801,Musician,2024-12-01
CUS_0x22ac,Rahulm,18,217-36-2323,Accountant,2024-12-01
CUS_0x22ee,Deepa Seetharamans,20_,431-79-5837,Teacher,2024-12-01
CUS_0x233d,Vlastelicab,30,739-90-6281,Entrepreneur,2024-12-01
CUS_0x2342,Youngd,46,568-57-8267,Writer,2024-12-01
CUS_0x2372,Matthias Blamontl,41,304-34-0889,Scientist,2024-12-01
CUS_0x23f8,Leika Kiharac,26,004-44-2584,Scientist,2024-12-01
CUS_0x24e4,Herbertj,37,#F%$D@*&8,Accountant,2024-12-01
CUS_0x24e7,Stargardterm,41,479-09-3777,Scientist,2024-12-01
CUS_0x2555,Dan Wilchinsr,24_,373-90-7239,Doctor,2024-12-01
CUS_0x25a7,Catherine Bosleyb,20,984-06-5567,Media_Manager,2024-12-01
CUS_0x25ac,Rachel Armstrongg,18,681-66-3380,Teacher,2024-12-01
CUS_0x25e0,Jed Horowitzk,39,861-61-4315,Architect,2024-12-01
CUS_0x26a7,Danielz,41,944-91-6347,Teacher,2024-12-01
CUS_0x26eb,Jessica Toonkeld,40,070-52-7651,Mechanic,2024-12-01
CUS_0x273e,Serajul Quadirk,44,564-52-2141,Writer,2024-12-01
CUS_0x278f,Georgina Prodhanm,1990,094-63-0433,Lawyer,2024-12-01
CUS_0x286f,Jessicad,22,915-80-8522,Developer,2024-12-01
CUS_0x2963,Rodrigo Camposo,43,203-84-0467,Entrepreneur,2024-12-01
CUS_0x29c0,Gilbert Kreijgerj,48,310-64-5275,Developer,2024-12-01
CUS_0x2aa8,Dmitracovan,33,357-25-7547,Media_Manager,2024-12-01
CUS_0x2b09,Sineada,46,485-08-1506,Engineer,2024-12-01
CUS_0x2b17,Padraic Halpind,26,008-91-0413,Teacher,2024-12-01
CUS_0x2cb5,Caroline Valetkevitchy,52,200-60-2130,Doctor,2024-12-01
CUS_0x2cbc,Carlosm,53,698-09-7729,Mechanic,2024-12-01
CUS_0x2d07,Janex,34,069-81-5044,Developer,2024-12-01
CUS_0x2d09,Clara Ferreira-Marquesp,23,441-65-5011,Accountant,2024-12-01
CUS_0x2e2e,Benjamin Kangl,46,527-69-0845,Engineer,2024-12-01
CUS_0x2ecc,Vaughann,21,219-77-3608,Musician,2024-12-01
CUS_0x2f4b,Scottq,21,618-47-7413,Developer,2024-12-01
CUS_0x2f68,Xiaoyip,34,#F%$D@*&8,Teacher,2024-12-01
CUS_0x2fb9,Janz,25,421-61-6452,Writer,2024-12-01
CUS_0x2fd5,Vlastelicad,41,059-18-4896,Writer,2024-12-01
CUS_0x3019,Annika Breidthardto,51,346-10-4963,Writer,2024-12-01
CUS_0x308b,Longstrethy,43,547-23-7195,Doctor,2024-12-01
CUS_0x30c5,Georgina Prodhanq,18,720-16-9648,Media_Manager,2024-12-01
CUS_0x30dd,Philip Pullellaz,48,759-26-2501,Accountant,2024-12-01
CUS_0x3119,Axelh,25,761-32-7533,Developer,2024-12-01
CUS_0x3172,Paulv,31,570-35-6060,Lawyer,2024-12-01
CUS_0x3278,Jason Bushe,38,816-95-6742,Teacher,2024-12-01
CUS_0x332c,Takadav,36,#F%$D@*&8,Media_Manager,2024-12-01
CUS_0x340e,Annx,39,460-11-1786,Writer,2024-12-01
CUS_0x347d,Chang-Ran Kimx,15,758-46-4782,Entrepreneur,2024-12-01
CUS_0x349b,Briank,35,536-69-4106,Media_Manager,2024-12-01
CUS_0x34d6,Herberta,50,#F%$D@*&8,Engineer,2024-12-01
CUS_0x35a2,Hughesw,19,421-32-3631,Developer,2024-12-01
CUS_0x35b5,Andrewm,19,432-18-5390,Lawyer,2024-12-01
CUS_0x3615,Samb,27,959-59-4160,Accountant,2024-12-01
CUS_0x361b,"Jeremy Wagstaff,n",23,717-69-1968,Musician,2024-12-01
CUS_0x3640,Kerberj,37_,861-85-8462,Developer,2024-12-01
CUS_0x365a,Aless ray,54,026-57-5729,_______,2024-12-01
CUS_0x36d5,Soyoung Kimm,30,171-27-0494,Mechanic,2024-12-01
CUS_0x372c,Lucia Mutikanik,19,340-85-7301,Lawyer,2024-12-01
CUS_0x3761,Selyukhm,16,201-00-0167,Musician,2024-12-01
CUS_0x376a,Shalal-Esad,20,587-57-9576,Writer,2024-12-01
CUS_0x37bc,Gerlachz,54,138-54-7329,Lawyer,2024-12-01
CUS_0x3801,enw,42,980-44-1731,Entrepreneur,2024-12-01
CUS_0x380d,Lisa Baertleiny,25,571-79-3290,Teacher,2024-12-01
CUS_0x3872,Katyaf,39,#F%$D@*&8,Musician,2024-12-01
CUS_0x38a7,Halsm,26,774-52-8320,Developer,2024-12-01
CUS_0x38bb,Douglass,19,959-04-6330,Engineer,2024-12-01
CUS_0x38cc,Wrightz,28,906-86-9049,Writer,2024-12-01
CUS_0x38df,Caroline Valetkevitchl,54,958-49-4931,Architect,2024-12-01
CUS_0x3929,Amiei,31,255-57-5980,Scientist,2024-12-01
CUS_0x3947,Shirouzuc,39_,543-95-4931,Manager,2024-12-01
CUS_0x39a6,Fergusf,16,489-27-4816,_______,2024-12-01
CUS_0x3a06,Janes,32,079-88-9608,Journalist,2024-12-01
CUS_0x3ae3,Joseph A.a,37,#F%$D@*&8,Mechanic,2024-12-01
CUS_0x3b40,Davidp,23,109-74-8676,Mechanic,2024-12-01
CUS_0x3b9d,Dianeg,40,303-61-1404,Entrepreneur,2024-12-01
CUS_0x3ba2,Valetkevitchv,28,243-27-1407,Entrepreneur,2024-12-01
CUS_0x3be5,Copleyk,43,075-06-4820,Engineer,2024-12-01
CUS_0x3c7d,Carolinet,38,469-05-2428,Engineer,2024-12-01
CUS_0x3d50,Deightonl,19,479-19-5462,Journalist,2024-12-01
CUS_0x3d56,Angelaw,39,313-51-0955,Media_Manager,2024-12-01
CUS_0x3d57,Langew,26,833-70-3589,Writer,2024-12-01
CUS_0x3d5b,Nigelg,33,929-10-9575,Architect,2024-12-01
CUS_0x3dd8,Anirban Nagy,25,851-44-4923,Entrepreneur,2024-12-01
CUS_0x3e7f,Kirstin Ridleyo,29,749-76-8458,Journalist,2024-12-01
CUS_0x3fa7,Jensent,44,110-46-6075,Scientist,2024-12-01
CUS_0x3fb3,Shihd,29,192-09-0024,Mechanic,2024-12-01
CUS_0x3ff5,Martinnei,52,436-17-6958,Musician,2024-12-01
CUS_0x408c,Margareti,3493,997-04-6413,Journalist,2024-12-01
CUS_0x4132,Martinne Gellers,34,284-00-2393,Entrepreneur,2024-12-01
CUS_0x4188,Ashutosh Pl,22,750-43-5393,Manager,2024-12-01
CUS_0x41a8,Dhanyac,23,#F%$D@*&8,Musician,2024-12-01
CUS_0x4293,Andrewa,29,081-50-2290,Entrepreneur,2024-12-01
CUS_0x42c0,Jessica Wohlr,54,957-02-1372,Manager,2024-12-01
CUS_0x42e4,Jonathan Stempelb,29,108-73-7805,Developer,2024-12-01
CUS_0x42f,Andreas Cremerj,43,979-48-2080,Engineer,2024-12-01
CUS_0x4314,Steve Slaterp,43,088-74-9171,Writer,2024-12-01
CUS_0x432e,Niveditac,20,581-64-0161,Engineer,2024-12-01
CUS_0x43bf,Henryj,44,233-99-4568,Lawyer,2024-12-01
CUS_0x43c0,Poornima Guptaf,41,264-92-2394,Musician,2024-12-01
CUS_0x43c3,Subhadip Sircary,42,984-54-0054,Mechanic,2024-12-01
CUS_0x441e,Catherine Hornbya,35,194-02-3427,Media_Manager,2024-12-01
CUS_0x44dc,Jed Horowitzg,19,318-73-7635,Mechanic,2024-12-01
CUS_0x44fc,Hyunjooi,27,736-91-2621,_______,2024-12-01
CUS_0x45b4,Douwe Miedemaz,49,557-86-2567,Lawyer,2024-12-01
CUS_0x46d4,Chann,43,#F%$D@*&8,Scientist,2024-12-01
CUS_0x4722,Ranganathana,38,231-21-5025,Lawyer,2024-12-01
CUS_0x477b,Matthewy,42,356-12-0486,Journalist,2024-12-01
CUS_0x47ea,Tetsushih,33,612-18-1401,Mechanic,2024-12-01
CUS_0x47ec,Lewisu,18,#F%$D@*&8,Architect,2024-12-01
CUS_0x4831,Sharpq,43,696-84-8348,Mechanic,2024-12-01
CUS_0x48a,Paulv,20,925-53-5258,Mechanic,2024-12-01
CUS_0x48c6,Jan Strupczewskiw,52,604-84-9912,Scientist,2024-12-01
CUS_0x48ef,Shanleyf,25,151-74-3175,_______,2024-12-01
CUS_0x490e,Younglain,40,093-96-8853,Developer,2024-12-01
CUS_0x4931,Hendersonf,46,064-39-8963,Engineer,2024-12-01
CUS_0x49a4,Emily Stephensonw,17,427-06-8075,Writer,2024-12-01
CUS_0x4ad7,Jonathan Stempelk,45,246-22-8674,Teacher,2024-12-01
CUS_0x4b76,David Sheppardr,45,#F%$D@*&8,Developer,2024-12-01
CUS_0x4ba1,Zeidlery,15,073-56-9255,Engineer,2024-12-01
CUS_0x4c44,Neil Maidmentl,-500,872-37-6177,Journalist,2024-12-01
CUS_0x4c84,"""""""Johne""",17,946-42-4221,_______,2024-12-01
CUS_0x4c9b,Wilchinsv,38,852-86-5759,Lawyer,2024-12-01
CUS_0x4ce8,Anna Yukhananovq,24,441-23-6569,Musician,2024-12-01
CUS_0x4d0f,Malonem,30,542-51-9266,Entrepreneur,2024-12-01
CUS_0x4da6,Carmel Crimminsx,15,#F%$D@*&8,Musician,2024-12-01
CUS_0x4e2,Holtonc,27,#F%$D@*&8,Teacher,2024-12-01
CUS_0x4e35,Marshz,45,358-02-4914,Engineer,2024-12-01
CUS_0x4e66,Indulalz,51,103-53-8971,Media_Manager,2024-12-01
CUS_0x4f26,Maltezouz,45,676-59-1699,Media_Manager,2024-12-01
CUS_0x500d,Suzanne Barlynf,42,872-67-0804,Teacher,2024-12-01
CUS_0x50c6,ini Juliene,29,452-74-8218,Doctor,2024-12-01
CUS_0x50df,Diane Bartzl,36,117-43-4570,Lawyer,2024-12-01
CUS_0x50ee,yi,34,057-95-4768,Engineer,2024-12-01
CUS_0x5197,Mackeyx,49,036-41-0068,Lawyer,2024-12-01
CUS_0x51e3,Scottf,47,603-82-8438,Writer,2024-12-01
CUS_0x5228,Poornima Guptax,17,112-22-2857,Mechanic,2024-12-01
CUS_0x524f,Michaelu,56,562-64-3862,Musician,2024-12-01
CUS_0x5254,Kuehnenx,51,533-73-9335,Teacher,2024-12-01
CUS_0x52bf,Diane Bartzn,46,331-26-0350,Manager,2024-12-01
CUS_0x5382,Sonaliw,37,272-92-4691,Teacher,2024-12-01
CUS_0x54b3,Kristent,44,438-82-2211,Scientist,2024-12-01
CUS_0x556e,Wheatleyh,31,194-83-8692,Accountant,2024-12-01
CUS_0x558f,Wroughtonw,44,060-58-0187,Journalist,2024-12-01
CUS_0x55fd,Lukex,35,905-14-5788,Scientist,2024-12-01
CUS_0x574d,Sassardf,17,136-77-5117,Scientist,2024-12-01
CUS_0x579e,Tomm,41,#F%$D@*&8,Journalist,2024-12-01
CUS_0x57c,Tomasz Janowskiu,26,796-76-1915,Accountant,2024-12-01
CUS_0x5833,Jonathanr,42,030-84-1557,_______,2024-12-01
CUS_0x5873,Shih Davidv,26,608-02-2079,Developer,2024-12-01
CUS_0x58e3,Sven Egenterx,45,531-24-4222,Accountant,2024-12-01
CUS_0x591,Allison Martellm,45,268-48-1271,Mechanic,2024-12-01
CUS_0x597c,Philip Pullellax,16,732-97-4296,Media_Manager,2024-12-01
CUS_0x5a61,Oleg Vukmanovice,26,957-33-4427,Musician,2024-12-01
CUS_0x5a89,Deepa Seetharamanf,22,574-51-2436,Developer,2024-12-01
CUS_0x5aa9,Paramadithas,24,322-16-2958,Journalist,2024-12-01
CUS_0x5ae2,Karen Jacobsl,42,349-21-2943,Architect,2024-12-01
CUS_0x5afa,Andreas Cremerh,35,447-42-6480,Accountant,2024-12-01
CUS_0x5afd,Jedw,4120,163-05-8880,Musician,2024-12-01
CUS_0x5b0a,Andreat,25,418-00-4952,_______,2024-12-01
CUS_0x5b0f,ra Alperq,31,054-05-1824,Teacher,2024-12-01
CUS_0x5b20,Isabelz,51,212-46-0114,Engineer,2024-12-01
CUS_0x5bc7,Paul Dayb,38,291-41-7056,Musician,2024-12-01
CUS_0x5e44,Edward Krudyl,20,324-95-7058,Media_Manager,2024-12-01
CUS_0x5ee0,Tim Kellyb,45,931-87-9049,Mechanic,2024-12-01
CUS_0x5f59,Kiyoshi Takenakan,42,223-44-0038,Writer,2024-12-01
CUS_0x5fa9,Rodrigoh,37,057-30-7786,Architect,2024-12-01
CUS_0x5fdb,Sakari Suoninenz,15,859-09-6348,Musician,2024-12-01
CUS_0x5fe6,Tom Polansekp,32,121-06-9658,Mechanic,2024-12-01
CUS_0x6015,Scott Maloneq,17,548-76-0110,_______,2024-12-01
CUS_0x602a,Lewis Krauskopfc,44,036-74-6207,Architect,2024-12-01
CUS_0x6088,Ermana,42,617-51-1535,Developer,2024-12-01
CUS_0x60ae,Bakero,30,628-84-2005,Developer,2024-12-01
CUS_0x6133,LaCapraf,45,#F%$D@*&8,Engineer,2024-12-01
CUS_0x61ff,Davidi,35,771-13-1222,Manager,2024-12-01
CUS_0x6256,Peterr,31,483-56-8418,Musician,2024-12-01
CUS_0x62c7,Sophied,22,485-54-9615,Musician,2024-12-01
CUS_0x638b,Patricia Kranzm,53,#F%$D@*&8,Doctor,2024-12-01
CUS_0x63de,Callusw,43_,684-76-8682,Developer,2024-12-01
CUS_0x63f7,Costa Annb,55,318-11-8554,Mechanic,2024-12-01
CUS_0x6410,Rick Rothackerx,26,876-38-2936,Writer,2024-12-01
CUS_0x6472,Julien Toyerg,25,416-81-5863,Journalist,2024-12-01
CUS_0x6503,Pedrod,21,163-57-5111,Lawyer,2024-12-01
CUS_0x652c,Ross Kerberk,49,763-63-9015,Developer,2024-12-01
CUS_0x6649,Slaterf,19,548-03-9919,Mechanic,2024-12-01
CUS_0x6692,Angela Moonb,22,470-06-0305,Developer,2024-12-01
CUS_0x66b8,Kambasi,45,966-15-7988,Musician,2024-12-01
CUS_0x66c8,Naveenk,46,442-70-7017,Engineer,2024-12-01
CUS_0x66e3,Jessica Wohlx,17,619-90-6478,Doctor,2024-12-01
CUS_0x670d,Greg Roumeliotisw,15,255-06-7657,Lawyer,2024-12-01
CUS_0x674a,Grant McCoolq,19,009-00-5894,Musician,2024-12-01
CUS_0x677a,Steven,44,033-01-7360,Doctor,2024-12-01
CUS_0x6781,Pedro Nicolacir,48,996-39-6091,Scientist,2024-12-01
CUS_0x67aa,Lianaf,22,517-97-5096,Doctor,2024-12-01
CUS_0x67af,Jennifer Ablank,18,987-19-9666,Accountant,2024-12-01
CUS_0x6877,Jackx,40,018-73-2973,Mechanic,2024-12-01
CUS_0x689c,Sergios,40,809-67-7994,Entrepreneur,2024-12-01
CUS_0x69ea,Chucks,20,087-42-0921,Manager,2024-12-01
CUS_0x69eb,Yokoo,30,860-78-9875,Lawyer,2024-12-01
CUS_0x6a39,Steve Slatere,24,620-09-2390,Developer,2024-12-01
CUS_0x6a7,Davids,44,358-96-4237,Lawyer,2024-12-01
CUS_0x6a9d,Jonathan Leffb,25,841-18-0250,Engineer,2024-12-01
CUS_0x6b57,Devidutta Tripathyq,35,686-83-2952,Media_Manager,2024-12-01
CUS_0x6b7f,Leahs,30,715-18-9613,Writer,2024-12-01
CUS_0x6b94,Stanley Whitei,17,586-98-5524,Manager,2024-12-01
CUS_0x6c89,Niluksi Koswanagev,23,634-91-8207,Mechanic,2024-12-01
CUS_0x6d63, Mattx,29,609-98-6953,Lawyer,2024-12-01
CUS_0x6d9f,Wanfeng Zhoud,26,369-28-8057,Media_Manager,2024-12-01
CUS_0x6da9,Davidw,33,#F%$D@*&8,Manager,2024-12-01
CUS_0x6dd7,Angela Moonz,34,142-40-1977,Accountant,2024-12-01
CUS_0x6e06,Phil Stewarte,39,155-63-7897,Entrepreneur,2024-12-01
CUS_0x6e0d,Mincerg,18,705-31-6855,Scientist,2024-12-01
CUS_0x6e13,Patricku,32,830-79-0141,Musician,2024-12-01
CUS_0x6e2a,Anna,40,251-61-8238,_______,2024-12-01
CUS_0x6ec8,Julien Toyerk,7139,950-08-5194,Mechanic,2024-12-01
CUS_0x6ed7,Nick Brownq,45,759-77-2479,Media_Manager,2024-12-01
CUS_0x6ef2,Leongi,21,187-39-3355,Entrepreneur,2024-12-01
CUS_0x70bc,Tony Munroez,15,864-23-5531,Architect,2024-12-01
CUS_0x714a,Andreau,39,550-43-5076,_______,2024-12-01
CUS_0x7167,Cablec,20,942-81-5299,Writer,2024-12-01
CUS_0x717a,Soyoungj,47,417-48-6289,Doctor,2024-12-01
CUS_0x7255,Durv,40,205-47-5666,Accountant,2024-12-01
CUS_0x72a8,Axelc,24,812-06-2042,_______,2024-12-01
CUS_0x72e9,Parizg,48,220-24-0606,_______,2024-12-01
CUS_0x7341,Mirnaj,36,227-87-8495,Journalist,2024-12-01
CUS_0x7438,Philip Shishkind,37,485-95-7675,Scientist,2024-12-01
CUS_0x745a,Kaiserr,46,414-00-8777,Teacher,2024-12-01
CUS_0x7483,Johnson Samx,51,263-53-9416,Writer,2024-12-01
CUS_0x7577,Janab,55,466-42-9476,Accountant,2024-12-01
CUS_0x758c,Tom Halsv,22,340-77-4638,Entrepreneur,2024-12-01
CUS_0x768c,Margaret Chadbournu,25,628-81-6734,Lawyer,2024-12-01
CUS_0x76b0,Nicolacib,41,540-91-2964,Lawyer,2024-12-01
CUS_0x771d,Adrianv,15,323-10-7447,Engineer,2024-12-01
CUS_0x774,Christopher Doeringv,34,761-11-3016,Musician,2024-12-01
CUS_0x775d,Steveg,46,347-38-4910,Entrepreneur,2024-12-01
CUS_0x7765,Rothackerh,23,566-24-8004,Entrepreneur,2024-12-01
CUS_0x7888,Humery,50,262-53-0576,Architect,2024-12-01
CUS_0x79a,Laurence Fletcherd,18,308-57-0961,Mechanic,2024-12-01
CUS_0x79d1,Ricka,23,328-38-2329,_______,2024-12-01
CUS_0x7a53,Barlyna,7123,229-75-0347,Accountant,2024-12-01
CUS_0x7a91,Sonya Dowsetti,43_,404-52-9514,Architect,2024-12-01
CUS_0x7bc3,ewichs,45,914-85-2580,Doctor,2024-12-01
CUS_0x7bf9,Emmottf,39,225-41-8046,Journalist,2024-12-01
CUS_0x7c51,Robert-Jan Bartuneko,22,994-42-0564,Teacher,2024-12-01
CUS_0x7ce5,Singhj,24,954-97-8593,Writer,2024-12-01
CUS_0x7d6f,Kumark,36,789-78-6914,Teacher,2024-12-01
CUS_0x7dc4,Kazunorit,27,#F%$D@*&8,Architect,2024-12-01
CUS_0x7dc5,Petersonr,32,994-58-4239,Architect,2024-12-01
CUS_0x7dfc,Shirouzuf,30,720-13-2807,Developer,2024-12-01
CUS_0x7e39,Greg Roumeliotisk,41,056-92-6979,Accountant,2024-12-01
CUS_0x7e70,Jonathan Cablem,39,835-38-9326,Writer,2024-12-01
CUS_0x7f40,Lucia Mutikanih,47,799-90-8464,Doctor,2024-12-01
CUS_0x7faa,Deepap,35,466-90-0311,Doctor,2024-12-01
CUS_0x8026,Davidu,15,821-06-0110,Teacher,2024-12-01
CUS_0x80c7,David Morganl,27,457-71-1752,Architect,2024-12-01
CUS_0x80ec,"""""""Eileen OGrady""""c""",19,707-76-6509,Entrepreneur,2024-12-01
CUS_0x8109,Rohitn,25,845-68-5410,Musician,2024-12-01
CUS_0x810d,Grahamt,34,344-20-2467,Engineer,2024-12-01
CUS_0x8124,Davenportf,28,702-30-5849,Journalist,2024-12-01
CUS_0x81c7,Eva Kuehnenf,22,088-68-4129,Manager,2024-12-01
CUS_0x8264,Leahj,43,565-21-5718,Teacher,2024-12-01
CUS_0x82e5,Dineshi,22,342-77-9174,_______,2024-12-01
CUS_0x8353,Carrelv,325,140-25-3790,Architect,2024-12-01
CUS_0x83b5,Solarina Hop,56_,963-95-5087,_______,2024-12-01
CUS_0x83f,Fredrikz,34,786-66-2253,Engineer,2024-12-01
CUS_0x840f,Doug Palmerj,23,583-02-3933,Scientist,2024-12-01
CUS_0x8420,Pedrov,16,743-41-9460,Media_Manager,2024-12-01
CUS_0x8489,Lynchi,21,460-00-6655,Accountant,2024-12-01
CUS_0x8608,Lu Jianxina,38,072-52-5986,Entrepreneur,2024-12-01
CUS_0x86b,Paulr,42,372-37-8955,Engineer,2024-12-01
CUS_0x86f6,Sarah Marshu,30,590-69-2730,Mechanic,2024-12-01
CUS_0x8706,Carrickf,30,255-21-5817,_______,2024-12-01
CUS_0x8716,Matthewz,19,185-99-8068,Scientist,2024-12-01
CUS_0x87c2,Sarah N.c,53,802-97-1200,Architect,2024-12-01
CUS_0x8800,Kate Holtonp,35,154-71-8470,Scientist,2024-12-01
CUS_0x882f,Nate Raymondl,20,900-53-6542,Engineer,2024-12-01
CUS_0x88b6,Natep,31,978-01-9354,Journalist,2024-12-01
CUS_0x88fb,Angela Moonm,38,069-08-9575,Architect,2024-12-01
CUS_0x8934,Solarina Hov,41,992-21-0194,_______,2024-12-01
CUS_0x8966,Henryh,55,824-88-9636,Mechanic,2024-12-01
CUS_0x8977,B.i,8199,900-74-3660,Scientist,2024-12-01
CUS_0x89aa,Kwokw,39,018-63-7005,Manager,2024-12-01
CUS_0x89c7,Albertt,41,232-78-3489,Scientist,2024-12-01
CUS_0x8a50,Scottu,6849,742-72-0073,Developer,2024-12-01
CUS_0x8ac7,Arunaf,21,915-52-6575,Doctor,2024-12-01
CUS_0x8ae9,Masona,15,173-40-0385,Developer,2024-12-01
CUS_0x8b31,ill Rigbyt,44_,#F%$D@*&8,Teacher,2024-12-01
CUS_0x8b4f,rar,36,948-26-2105,Scientist,2024-12-01
CUS_0x8b5b,Fabiang,-500,146-59-3037,Teacher,2024-12-01
CUS_0x8ba7,Wolfe,32,#F%$D@*&8,Journalist,2024-12-01
CUS_0x8bcd,Kentaro Sugiyamae,34,948-09-0109,Teacher,2024-12-01
CUS_0x8c13,Leika Kiharac,36,748-06-7649,Teacher,2024-12-01
CUS_0x8c44,Denar,32,911-81-8555,_______,2024-12-01
CUS_0x8c51,Cyril Altmeyera,39,755-61-1458,Architect,2024-12-01
CUS_0x8d7,Gancep,36_,514-69-0830,Developer,2024-12-01
CUS_0x8d77,Yunn,44,607-34-4092,Scientist,2024-12-01
CUS_0x8ddb,Josephe,21,255-39-8777,Media_Manager,2024-12-01
CUS_0x8e8a,Abrahamianz,36,#F%$D@*&8,_______,2024-12-01
CUS_0x8e9c,Nishant Kumarh,45,746-01-3836,Teacher,2024-12-01
CUS_0x8f37,Martin Santan,23,779-74-6107,Architect,2024-12-01
CUS_0x8f3f,Dhanyac,19,295-44-1174,Lawyer,2024-12-01
CUS_0x8f74,Ashley Laur,22_,314-07-2615,Lawyer,2024-12-01
CUS_0x8fec,Yoko Kubotam,19,026-74-9990,Architect,2024-12-01
CUS_0x9015,Tophamd,26,567-15-1471,Accountant,2024-12-01
CUS_0x902e,Freilichu,22,#F%$D@*&8,_______,2024-12-01
CUS_0x903e,Piersonr,35,624-03-3270,Writer,2024-12-01
CUS_0x9093,Rodrigox,29,967-62-7659,Manager,2024-12-01
CUS_0x90d2,Tim Hepherf,27,046-57-0897,Musician,2024-12-01
CUS_0x90fa,Kevin Yaoz,51,581-40-0575,Doctor,2024-12-01
CUS_0x91f,Thomas Ferrarot,44,740-45-3202,Doctor,2024-12-01
CUS_0x922e,Guernigour,35,044-84-7684,Scientist,2024-12-01
CUS_0x9244,Dhanyaz,43,481-35-7248,Scientist,2024-12-01
CUS_0x9251,Marius Zahariae,16,199-47-9137,Entrepreneur,2024-12-01
CUS_0x926f,Chyenk,20,198-58-7893,Journalist,2024-12-01
CUS_0x92e5,Deepa Seetharamanh,54,122-80-2393,Accountant,2024-12-01
CUS_0x935b,Wohlc,32,814-23-1843,Developer,2024-12-01
CUS_0x936d,Alistair Barrs,38,703-48-3482,_______,2024-12-01
CUS_0x94e9,Jeanine Preziosos,37,702-55-4878,Accountant,2024-12-01
CUS_0x950,Alistair Barrf,45,296-43-7203,Engineer,2024-12-01
CUS_0x9562,Edwini,43,677-93-2447,Writer,2024-12-01
CUS_0x9584,Clare Hutchisone,43,567-56-5957,Journalist,2024-12-01
CUS_0x961f,Ajitx,44,206-62-4836,Writer,2024-12-01
CUS_0x962b,Frankelz,22,956-84-8881,Mechanic,2024-12-01
CUS_0x9641,Blamontg,30,618-38-7599,Manager,2024-12-01
CUS_0x97e3,David Millikene,48,830-60-4167,Doctor,2024-12-01
CUS_0x97f7,Parisa Hafeziu,29,847-52-4156,Scientist,2024-12-01
CUS_0x986c,Aubinp,29,388-30-1508,Engineer,2024-12-01
CUS_0x9885,Paul Dayl,17,186-49-9679,Developer,2024-12-01
CUS_0x98a8,Mark Felsenthals,49,#F%$D@*&8,_______,2024-12-01
CUS_0x9a29,Phila,25,339-28-0072,Developer,2024-12-01
CUS_0x9a86,Pettyi,18,279-40-2641,Manager,2024-12-01
CUS_0x9a8b,Lovem,19,540-04-0191,Entrepreneur,2024-12-01
CUS_0x9ae4,Arunav,29,702-14-0511,Manager,2024-12-01
CUS_0x9aeb,Benw,27,418-29-5117,Entrepreneur,2024-12-01
CUS_0x9b0e,Krishnank,48,850-93-7960,Doctor,2024-12-01
CUS_0x9b22,Andrea Shalal-Esap,31,565-34-6703,Architect,2024-12-01
CUS_0x9b37,Jamest,40,642-81-6284,_______,2024-12-01
CUS_0x9b8b,Karen Freifeldr,37,963-35-0135,Journalist,2024-12-01
CUS_0x9be7,Herbert Lashr,26,544-13-9805,Engineer,2024-12-01
CUS_0x9cf7,Cruiseu,53_,915-77-3583,Musician,2024-12-01
CUS_0x9ea,Emma Thomassona,24,531-34-8176,Scientist,2024-12-01
CUS_0x9ead,Laynea,55,655-32-7007,Developer,2024-12-01
CUS_0x9ef9,Lucia Mutikanix,30,749-61-3662,Musician,2024-12-01
CUS_0x9f69,Seetharamanh,53,880-46-4570,Developer,2024-12-01
CUS_0x9fdc,Deepa Seetharamanu,56,417-61-0153,Journalist,2024-12-01
CUS_0x9fff,Tenf,54,826-73-0532,Mechanic,2024-12-01
CUS_0xa166,Nadiaf,43,149-22-5385,Engineer,2024-12-01
CUS_0xa262,Lisa Baertleinr,22,579-46-3006,Lawyer,2024-12-01
CUS_0xa27d,Mastern,20,160-93-9816,Engineer,2024-12-01
CUS_0xa2db,Dawsonr,24,233-22-7758,Engineer,2024-12-01
CUS_0xa2dd,Anjuli Daviesa,28,603-21-2338,Manager,2024-12-01
CUS_0xa319,Krisztina Thans,38,151-11-5554,Writer,2024-12-01
CUS_0xa3b4,Shirbone,16,734-47-5830,Scientist,2024-12-01
CUS_0xa3ba,Baldwind,39,039-16-1692,Scientist,2024-12-01
CUS_0xa446,Ryanj,22,833-79-5648,Lawyer,2024-12-01
CUS_0xa4ab,Nadia Damouniy,35,047-81-1032,Scientist,2024-12-01
CUS_0xa4c3,Halsn,19,790-26-8070,_______,2024-12-01
CUS_0xa4d9,Laurencek,33,616-58-0746,Mechanic,2024-12-01
CUS_0xa522,Sarahr,15,079-57-0728,_______,2024-12-01
CUS_0xa607,Phill,34,643-79-3907,Manager,2024-12-01
CUS_0xa776,avia Meghap,24,872-41-5317,Writer,2024-12-01
CUS_0xa79e,Dhanya Skariachanw,39,#F%$D@*&8,Musician,2024-12-01
CUS_0xa7db,Hyunjoo Jinp,28,946-51-7834,Teacher,2024-12-01
CUS_0xa848,Marinef,29,287-46-9447,Manager,2024-12-01
CUS_0xa8b9,Fincherv,20,679-69-9451,Doctor,2024-12-01
CUS_0xa936,Taroj,20,217-12-4152,_______,2024-12-01
CUS_0xa969,ernardx,39,094-33-0731,_______,2024-12-01
CUS_0xa974,Nt,39,962-46-0528,Doctor,2024-12-01
CUS_0xa9a9,Ranganathany,42,948-77-3611,Writer,2024-12-01
CUS_0xaa39,Georgina Prodhanw,31,955-57-1867,Doctor,2024-12-01
CUS_0xaa6e,ra Alperq,25,200-22-4622,Media_Manager,2024-12-01
CUS_0xaadb,Rossy,24,165-61-8880,_______,2024-12-01
CUS_0xab00,Markx,18,468-20-7719,Manager,2024-12-01
CUS_0xab78,Nick Browns,34,624-52-1764,Manager,2024-12-01
CUS_0xabf0,Soyounge,39_,831-41-5115,Manager,2024-12-01
CUS_0xac29,Susanq,14,985-65-5941,Doctor,2024-12-01
CUS_0xac4f,Howleyd,31,797-10-7050,Developer,2024-12-01
CUS_0xac5f,Smithn,44,840-92-7027,Teacher,2024-12-01
CUS_0xaccf,Rigbyu,27,093-57-7186,Developer,2024-12-01
CUS_0xace3,Liana B.j,26,416-41-4485,Teacher,2024-12-01
CUS_0xad46,David Ingramq,43,977-72-9713,Engineer,2024-12-01
CUS_0xadbd,Scotts,27,864-24-3672,Doctor,2024-12-01
CUS_0xadc4,Lauren Tarah,34,640-99-9965,Lawyer,2024-12-01
CUS_0xae89,Alisterg,20,525-27-7908,Engineer,2024-12-01
CUS_0xaf5f,Raymondy,22,512-99-1299,Scientist,2024-12-01
CUS_0xb047,Deepa Babingtone,32,360-85-1964,Engineer,2024-12-01
CUS_0xb05d,Martinaj,38,265-18-5565,Manager,2024-12-01
CUS_0xb0d3,Carmelg,-500,332-89-4222,Scientist,2024-12-01
CUS_0xb11c,Yinka Adegokej,38,546-94-4789,_______,2024-12-01
CUS_0xb167,Sobolewskir,34,223-39-2177,Teacher,2024-12-01
CUS_0xb1d2,Forgionen,42,657-59-2344,Scientist,2024-12-01
CUS_0xb2f6,Tetsushi Kajimotoz,23,187-25-6255,Scientist,2024-12-01
CUS_0xb328,Stella Dawsonw,27,295-75-6474,Engineer,2024-12-01
CUS_0xb363,A.j,37,227-96-9535,Entrepreneur,2024-12-01
CUS_0xb457,Emily Flitteru,19,#F%$D@*&8,Entrepreneur,2024-12-01
CUS_0xb45a,Moonq,40,451-51-4200,Accountant,2024-12-01
CUS_0xb48f,Bartq,38,138-75-8407,Architect,2024-12-01
CUS_0xb4b3,Menoni,29,#F%$D@*&8,Journalist,2024-12-01
CUS_0xb4cb,Stanley Whitek,55,825-59-5740,Scientist,2024-12-01
CUS_0xb4cc,Langey,23,139-76-0236,Musician,2024-12-01
CUS_0xb560,Laurentv,22,221-90-6592,Architect,2024-12-01
CUS_0xb626,Karen Jacobsm,36,601-89-0336,Engineer,2024-12-01
CUS_0xb71e,Kiharaj,25,819-06-5794,Scientist,2024-12-01
CUS_0xb787,Lisa Richwinei,25,#F%$D@*&8,Lawyer,2024-12-01
CUS_0xb7b1,Charlie Dunmorex,21,607-46-9294,Mechanic,2024-12-01
CUS_0xb7d8,Raol,36_,706-04-8206,Writer,2024-12-01
CUS_0xb7d9,Taylorj,39,790-51-5647,Scientist,2024-12-01
CUS_0xb7ea,Robino,26,#F%$D@*&8,Mechanic,2024-12-01
CUS_0xb7ef,Samd,27,786-92-9485,Manager,2024-12-01
CUS_0xb7f7,Robiny,24,447-43-3640,Teacher,2024-12-01
CUS_0xb80e,Jonathan Spicerb,30,446-96-9802,Lawyer,2024-12-01
CUS_0xb824,Mohammed Abbasc,48,#F%$D@*&8,Mechanic,2024-12-01
CUS_0xb858,Gerryy,50,154-48-6016,Developer,2024-12-01
CUS_0xb87,Tetsushie,45,717-04-9189,Entrepreneur,2024-12-01
CUS_0xb884,Seetharamanx,45,397-31-7667,Manager,2024-12-01
CUS_0xb8a8,Anne Marieh,33,788-37-2569,Engineer,2024-12-01
CUS_0xb958,Carricki,55,607-31-1805,Scientist,2024-12-01
CUS_0xb969,Dhanya Skariachanp,18,321-26-6733,Doctor,2024-12-01
CUS_0xb9ca,Kambash,39,559-39-3779,Accountant,2024-12-01
CUS_0xb9fd,Andreasm,51,714-66-9926,Musician,2024-12-01
CUS_0xba11,enj,43,925-91-1270,Musician,2024-12-01
CUS_0xba21,Spetalnicke,16,156-60-0442,Teacher,2024-12-01
CUS_0xba8,Klaymanh,26,777-03-1147,Manager,2024-12-01
CUS_0xbae3,Wroughtone,25,741-46-5842,Manager,2024-12-01
CUS_0xbb1f,Julienb,30,516-54-1681,Entrepreneur,2024-12-01
CUS_0xbb82,Elzio Barretoc,33,847-83-6051,Architect,2024-12-01
CUS_0xbba8,Altmeyern,17,709-94-0795,Musician,2024-12-01
CUS_0xbbbb,Jonathan Stempelg,54,398-87-9454,Journalist,2024-12-01
CUS_0xbbec,Alex Lawlers,32,273-71-2807,Writer,2024-12-01
CUS_0xbbf3,Laura Noonanp,54,111-86-2174,Journalist,2024-12-01
CUS_0xbbff,Swatin,24,245-76-8164,Writer,2024-12-01
CUS_0xbc0c,Rascoey,50,157-90-1957,Scientist,2024-12-01
CUS_0xbd5e,Leskep,52,745-59-9139,Journalist,2024-12-01
CUS_0xbdc2,Alwyn Scottm,34,910-30-5375,Developer,2024-12-01
CUS_0xbe0a,Herbert Lashi,50,410-95-7076,Doctor,2024-12-01
CUS_0xbe46,Lucyu,20,257-88-2315,Architect,2024-12-01
CUS_0xbe4d,Breidthardtb,27,676-67-1298,Entrepreneur,2024-12-01
CUS_0xbe62,Viswanathar,43,281-78-9721,Teacher,2024-12-01
CUS_0xbe9a,Patricka,50_,994-73-1178,Manager,2024-12-01
CUS_0xbebf,Fang Yanm,23,410-80-9046,Entrepreneur,2024-12-01
CUS_0xbf3a,Sudipr,41,977-54-5551,Accountant,2024-12-01
CUS_0xbf60,Ritsuko Andou,22,262-11-1783,Media_Manager,2024-12-01
CUS_0xbf7f,Ernestc,55,396-11-5916,Engineer,2024-12-01
CUS_0xbfe4,Halpins,42,826-67-4358,Mechanic,2024-12-01
CUS_0xbfe8,Ellen Freilichl,15,629-08-5018,Entrepreneur,2024-12-01
CUS_0xc000,Tarmod,27_,292-78-1234,Media_Manager,2024-12-01
CUS_0xc042,Doulatramaniq,31,#F%$D@*&8,Architect,2024-12-01
CUS_0xc06a,Andreasz,32,162-49-4073,Writer,2024-12-01
CUS_0xc0e7,David Henryk,37,361-44-7164,Accountant,2024-12-01
CUS_0xc0fd,Gerryz,32,503-38-4873,Writer,2024-12-01
CUS_0xc10,Frankelx,18,643-78-7692,Teacher,2024-12-01
CUS_0xc21f,Langel,38,588-46-3067,Teacher,2024-12-01
CUS_0xc24b,Lu Jianxinf,18,496-58-8268,Engineer,2024-12-01
CUS_0xc2da,Yaox,28,376-12-9828,Media_Manager,2024-12-01
CUS_0xc2ee,Sarahp,38,175-81-5968,Accountant,2024-12-01
CUS_0xc4de,Kyle Petersonn,26,611-21-4406,Developer,2024-12-01
CUS_0xc51,Danv,19,269-33-7962,Teacher,2024-12-01
CUS_0xc530,Natalie Harrisonu,31,367-64-2250,Teacher,2024-12-01
CUS_0xc57,Breidthardtj,35,750-79-0475,Accountant,2024-12-01
CUS_0xc5ae,N.u,22,945-49-0362,Developer,2024-12-01
CUS_0xc60d,Samuel Shenk,15,946-55-9837,Architect,2024-12-01
CUS_0xcc2,Bakerf,40,632-81-0014,Manager,2024-12-01
CUS_0xcd5,Kimw,35,548-42-2519,Scientist,2024-12-01
CUS_0xd4d,Sassardf,36,544-63-7260,Entrepreneur,2024-12-01
CUS_0xdba,Deepae,39,625-04-4866,Developer,2024-12-01
CUS_0xe6c,Doris Frankelh,26,172-24-1577,Entrepreneur,2024-12-01
CUS_0xe99,Moone,48,164-90-3178,Mechanic,2024-12-01
CUS_0xf55,Tarmo Virkip,39,025-54-8593,Entrepreneur,2024-12-01
CUS_0xfd1,Frewy,32,389-55-6408,Architect,2024-12-01
CUS_0xff4,Poornimaf,37,655-05-7666,Entrepreneur,2024-12-01
